{
    "loss": 1.7180454730987549,
    "accuracy": 0.8965517282485962
}